1672534800,Rain
1672538400,Clouds
1672542000,Rain
1672545600,Clouds
1672549200,Clouds
1672552800,Clouds
1672556400,Clouds
1672560000,Clouds
1672563600,Clouds
1672567200,Rain
1672570800,Rain
1672574400,Rain
1672578000,Rain
1672581600,Rain
1672585200,Rain
1672588800,Clouds
1672592400,Clouds
1672596000,Rain
1672599600,Clouds
1672603200,Clouds
1672606800,Clouds
1672610400,Clouds
1672614000,Clouds
1672617600,Clouds
1672621200,Clouds
1672621200,Clouds
1672624800,Clouds
1672628400,Clouds
1672632000,Clouds
1672635600,Clouds
1672639200,Clouds
1672642800,Clouds
1672646400,Clouds
1672650000,Clouds
1672653600,Clouds
1672657200,Clouds
1672660800,Clouds
1672664400,Clear
1672668000,Clear
1672671600,Clouds
1672675200,Clear
1672678800,Clear
1672682400,Clear
1672686000,Clear
1672689600,Clear
1672693200,Clear
1672696800,Clear
1672700400,Clear
1672704000,Clear
1672707600,Clear
1672707600,Clear
1672711200,Clear
1672714800,Clear
1672718400,Clouds
1672722000,Clouds
1672725600,Clouds
1672729200,Clouds
1672732800,Clouds
1672736400,Clouds
1672740000,Clouds
1672743600,Clouds
1672747200,Clouds
1672750800,Clear
1672754400,Clear
1672758000,Clear
1672761600,Clear
1672765200,Clouds
1672768800,Clouds
1672772400,Clouds
1672776000,Clouds
1672779600,Clouds
1672783200,Clouds
1672786800,Clouds
1672790400,Clouds
1672794000,Clear
1672794000,Clear
1672797600,Clear
1672801200,Clouds
1672804800,Clouds
1672808400,Clouds
1672812000,Clouds
1672815600,Clouds
1672819200,Clouds
1672822800,Clouds
1672826400,Clouds
1672830000,Clouds
1672833600,Clouds
1672837200,Clouds
1672840800,Clouds
1672844400,Clouds
1672848000,Clouds
1672851600,Clouds
1672855200,Clouds
1672858800,Clouds
1672862400,Clouds
1672866000,Clouds
1672869600,Clouds
1672873200,Clouds
1672876800,Clouds
1672880400,Clear
1672880400,Clear
1672884000,Clear
1672887600,Clear
1672891200,Clear
1672894800,Clear
1672898400,Clear
1672902000,Clear
1672905600,Clear
1672909200,Clear
1672912800,Clear
1672916400,Clear
1672920000,Clear
1672923600,Clear
1672927200,Clear
1672930800,Clear
1672934400,Clear
1672938000,Clear
1672941600,Clear
1672945200,Clouds
1672948800,Clouds
1672952400,Clouds
1672956000,Clouds
1672959600,Clouds
1672963200,Clouds
1672966800,Clear
1672966800,Clear
1672970400,Clear
1672974000,Clear
1672977600,Clear
1672981200,Clear
1672984800,Clear
1672988400,Clouds
1672992000,Clouds
1672995600,Clouds
1672999200,Clouds
1673002800,Clouds
1673006400,Clouds
1673010000,Clouds
1673013600,Clouds
1673017200,Clouds
1673020800,Clouds
1673024400,Clouds
1673028000,Clouds
1673031600,Clouds
1673035200,Clouds
1673038800,Clouds
1673042400,Clouds
1673046000,Clouds
1673049600,Clouds
1673053200,Clouds
1673053200,Clouds
1673056800,Clouds
1673060400,Rain
1673064000,Clouds
1673067600,Clouds
1673071200,Clouds
1673074800,Rain
1673078400,Clouds
1673082000,Rain
1673085600,Clouds
1673089200,Rain
1673092800,Rain
1673096400,Rain
1673100000,Clouds
1673103600,Rain
1673107200,Rain
1673110800,Rain
1673114400,Rain
1673118000,Rain
1673121600,Clouds
1673125200,Rain
1673128800,Clouds
1673132400,Clouds
1673136000,Rain
1673139600,Rain
1673139600,Rain
1673143200,Rain
1673146800,Rain
1673150400,Clouds
1673154000,Clouds
1673157600,Clouds
1673161200,Clouds
1673164800,Clouds
1673168400,Rain
1673172000,Clouds
1673175600,Clouds
1673179200,Clouds
1673182800,Clouds
1673186400,Clouds
1673190000,Rain
1673193600,Clouds
1673197200,Clouds
1673200800,Rain
1673204400,Rain
1673208000,Clouds
1673211600,Clouds
1673215200,Clouds
1673218800,Clouds
1673222400,Clouds
1673226000,Clouds
1673226000,Clouds
1673229600,Clouds
1673233200,Clouds
1673236800,Clouds
1673240400,Clouds
1673244000,Clouds
1673247600,Clouds
1673251200,Clouds
1673254800,Clouds
1673258400,Clouds
1673262000,Clouds
1673265600,Clouds
1673269200,Clouds
1673272800,Clouds
1673276400,Clouds
1673280000,Clouds
1673283600,Clouds
1673287200,Clouds
1673290800,Clouds
1673294400,Clouds
1673298000,Clouds
1673301600,Clouds
1673305200,Clouds
1673308800,Clouds
1673312400,Clouds
1673312400,Clouds
1673316000,Clouds
1673319600,Clouds
1673323200,Clouds
1673326800,Clouds
1673330400,Clouds
1673334000,Clouds
1673337600,Clouds
1673341200,Clouds
1673344800,Clouds
1673348400,Clouds
1673352000,Clouds
1673355600,Clouds
1673359200,Clouds
1673362800,Clouds
1673366400,Clouds
1673370000,Clouds
1673373600,Rain
1673377200,Clouds
1673380800,Clouds
1673384400,Clouds
1673388000,Clouds
1673391600,Clouds
1673395200,Clouds
1673398800,Rain
1673398800,Rain
1673402400,Clouds
1673406000,Rain
1673409600,Clouds
1673413200,Clouds
1673416800,Clouds
1673420400,Clouds
1673424000,Clouds
1673427600,Clouds
1673431200,Clouds
1673434800,Clouds
1673438400,Clouds
1673442000,Clouds
1673445600,Clouds
1673449200,Clouds
1673452800,Clouds
1673456400,Clouds
1673460000,Clouds
1673463600,Clouds
1673467200,Clouds
1673470800,Clouds
1673474400,Clouds
1673478000,Clouds
1673481600,Clouds
1673485200,Clouds
1673485200,Clouds
1673488800,Clouds
1673492400,Clouds
1673496000,Clouds
1673499600,Clouds
1673503200,Clouds
1673506800,Clouds
1673510400,Clouds
1673514000,Clouds
1673517600,Clouds
1673521200,Clouds
1673524800,Clouds
1673528400,Clouds
1673532000,Clouds
1673535600,Clouds
1673539200,Clouds
1673542800,Clouds
1673546400,Clouds
1673550000,Clouds
1673553600,Clouds
1673557200,Clouds
1673560800,Clouds
1673564400,Clouds
1673568000,Clouds
1673571600,Clouds
1673571600,Clouds
1673575200,Clouds
1673578800,Clouds
1673582400,Clouds
1673586000,Clouds
1673589600,Clouds
1673593200,Clouds
1673596800,Clouds
1673600400,Clouds
1673604000,Clouds
1673607600,Clouds
1673611200,Clouds
1673614800,Clouds
1673618400,Clouds
1673622000,Clouds
1673625600,Clouds
1673629200,Clouds
1673632800,Clouds
1673636400,Clouds
1673640000,Clouds
1673643600,Clouds
1673647200,Clouds
1673650800,Clouds
1673654400,Clouds
1673658000,Clouds
1673658000,Clouds
1673661600,Clouds
1673665200,Clouds
1673668800,Clouds
1673672400,Clouds
1673676000,Clouds
1673679600,Clouds
1673683200,Clouds
1673686800,Clouds
1673690400,Clouds
1673694000,Clouds
1673697600,Clouds
1673701200,Clouds
1673704800,Clouds
1673708400,Clouds
1673712000,Clouds
1673715600,Clouds
1673719200,Clouds
1673722800,Clouds
1673726400,Clouds
1673730000,Clouds
1673733600,Clouds
1673737200,Clouds
1673740800,Clouds
1673744400,Clouds
1673744400,Clouds
1673748000,Rain
1673751600,Clouds
1673755200,Clouds
1673758800,Clouds
1673762400,Clouds
1673766000,Clouds
1673769600,Clouds
1673773200,Clouds
1673776800,Clouds
1673780400,Clouds
1673784000,Clouds
1673787600,Clear
1673791200,Clear
1673794800,Clear
1673798400,Clear
1673802000,Clouds
1673805600,Clouds
1673809200,Clouds
1673812800,Clouds
1673816400,Clouds
1673820000,Clouds
1673823600,Clouds
1673827200,Clouds
1673830800,Clouds
1673830800,Clouds
1673834400,Clouds
1673838000,Clouds
1673841600,Clouds
1673845200,Clouds
1673848800,Clouds
1673852400,Clouds
1673856000,Clouds
1673859600,Clouds
1673863200,Clouds
1673866800,Clouds
1673870400,Clouds
1673874000,Clouds
1673877600,Clouds
1673881200,Clouds
1673884800,Clouds
1673888400,Clouds
1673892000,Clouds
1673895600,Clouds
1673899200,Clouds
1673902800,Clouds
1673906400,Rain
1673910000,Clouds
1673913600,Rain
1673917200,Clouds
1673917200,Clouds
1673920800,Clouds
1673924400,Clouds
1673928000,Clouds
1673931600,Clouds
1673935200,Clouds
1673938800,Clouds
1673942400,Clouds
1673946000,Clouds
1673949600,Clouds
1673953200,Rain
1673956800,Clouds
1673960400,Clouds
1673964000,Clouds
1673967600,Clouds
1673971200,Clouds
1673974800,Clouds
1673978400,Clouds
1673982000,Rain
1673985600,Clouds
1673989200,Clouds
1673992800,Clouds
1673996400,Clouds
1674000000,Clouds
1674003600,Clouds
1674003600,Clouds
1674007200,Clouds
1674010800,Clouds
1674014400,Clouds
1674018000,Clouds
1674021600,Clouds
1674025200,Rain
1674028800,Rain
1674032400,Clouds
1674036000,Rain
1674039600,Clouds
1674043200,Clouds
1674046800,Rain
1674050400,Clouds
1674054000,Clouds
1674057600,Clouds
1674061200,Clouds
1674064800,Clouds
1674068400,Clouds
1674072000,Clouds
1674075600,Clouds
1674079200,Clouds
1674082800,Clouds
1674086400,Clouds
1674090000,Clouds
1674090000,Clouds
1674093600,Clouds
1674097200,Rain
1674100800,Clouds
1674104400,Clouds
1674108000,Clouds
1674111600,Clouds
1674115200,Rain
1674118800,Clouds
1674122400,Clouds
1674126000,Clouds
1674129600,Clouds
1674133200,Clouds
1674136800,Clouds
1674140400,Clouds
1674144000,Clouds
1674147600,Clouds
1674151200,Clouds
1674154800,Clouds
1674158400,Clouds
1674162000,Clouds
1674165600,Clouds
1674169200,Clouds
1674172800,Clouds
1674176400,Clouds
1674176400,Clouds
1674180000,Clouds
1674183600,Clouds
1674187200,Clouds
1674190800,Clouds
1674194400,Clouds
1674198000,Clouds
1674201600,Clouds
1674205200,Clouds
1674208800,Clouds
1674212400,Clouds
1674216000,Clouds
1674219600,Clouds
1674223200,Clouds
1674226800,Clouds
1674230400,Clouds
1674234000,Clouds
1674237600,Clouds
1674241200,Clouds
1674244800,Clouds
1674248400,Clouds
1674252000,Clouds
1674255600,Clouds
1674259200,Clouds
1674262800,Clouds
1674262800,Clouds
1674266400,Clouds
1674270000,Clouds
1674273600,Clouds
1674277200,Clouds
1674280800,Clouds
1674284400,Clouds
1674288000,Clouds
1674291600,Clouds
1674295200,Clouds
1674298800,Clouds
1674302400,Clouds
1674306000,Clouds
1674309600,Clouds
1674313200,Clouds
1674316800,Clouds
1674320400,Clouds
1674324000,Clouds
1674327600,Clouds
1674331200,Clouds
1674334800,Clouds
1674338400,Clouds
1674342000,Clouds
1674345600,Clouds
1674349200,Clouds
1674349200,Clouds
1674352800,Clouds
1674356400,Clouds
1674360000,Clouds
1674363600,Clouds
1674367200,Clouds
1674370800,Clear
1674374400,Clear
1674378000,Clear
1674381600,Clear
1674385200,Clouds
1674388800,Clouds
1674392400,Clouds
1674396000,Clouds
1674399600,Clouds
1674403200,Clouds
1674406800,Clouds
1674410400,Clouds
1674414000,Clouds
1674417600,Clouds
1674421200,Clouds
1674424800,Clouds
1674428400,Clouds
1674432000,Clouds
1674435600,Clear
1674435600,Clear
1674439200,Clear
1674442800,Clear
1674446400,Clear
1674450000,Clear
1674453600,Clear
1674457200,Clear
1674460800,Clear
1674464400,Clear
1674468000,Clear
1674471600,Clear
1674475200,Clear
1674478800,Clear
1674482400,Clear
1674486000,Clear
1674489600,Clear
1674493200,Clear
1674496800,Clear
1674500400,Clear
1674504000,Clear
1674507600,Clear
1674511200,Clear
1674514800,Clear
1674518400,Clear
1674522000,Clear
1674522000,Clear
1674525600,Clear
1674529200,Clear
1674532800,Clear
1674536400,Clear
1674540000,Clear
1674543600,Clear
1674547200,Clear
1674550800,Clear
1674554400,Clear
1674558000,Clear
1674561600,Clear
1674565200,Clear
1674568800,Clear
1674572400,Clear
1674576000,Clear
1674579600,Clear
1674583200,Clear
1674586800,Clear
1674590400,Clear
1674594000,Clear
1674597600,Clear
1674601200,Clear
1674604800,Clear
1674608400,Clear
1674608400,Clear
1674612000,Clear
1674615600,Clear
1674619200,Clear
1674622800,Clear
1674626400,Clear
1674630000,Clear
1674633600,Clear
1674637200,Clear
1674640800,Clear
1674644400,Clear
1674648000,Clear
1674651600,Clear
1674655200,Clear
1674658800,Clear
1674662400,Clear
1674666000,Clear
1674669600,Clear
1674673200,Clear
1674676800,Clear
1674680400,Clear
1674684000,Clear
1674687600,Clear
1674691200,Clear
1674694800,Clear
1674694800,Clear
1674698400,Clear
1674702000,Clear
1674705600,Clear
1674709200,Clear
1674712800,Clouds
1674716400,Clouds
1674720000,Clouds
1674723600,Clouds
1674727200,Clouds
1674730800,Clouds
1674734400,Clouds
1674738000,Clouds
1674741600,Clouds
1674745200,Clouds
1674748800,Clouds
1674752400,Clouds
1674756000,Clouds
1674759600,Clear
1674763200,Clear
1674766800,Clear
1674770400,Clear
1674774000,Clear
1674777600,Clear
1674781200,Clear
1674781200,Clear
1674784800,Clear
1674788400,Clear
1674792000,Clear
1674795600,Clear
1674799200,Clear
1674802800,Clear
1674806400,Clear
1674810000,Clear
1674813600,Clear
1674817200,Clear
1674820800,Clear
1674824400,Clear
1674828000,Clear
1674831600,Clear
1674835200,Clear
1674838800,Clear
1674842400,Clear
1674846000,Clear
1674849600,Clear
1674853200,Clear
1674856800,Clear
1674860400,Clear
1674864000,Clear
1674867600,Clear
1674867600,Clear
1674871200,Clear
1674874800,Clear
1674878400,Clear
1674882000,Clear
1674885600,Clear
1674889200,Clear
1674892800,Clear
1674896400,Clear
1674900000,Clear
1674903600,Clear
1674907200,Clear
1674910800,Clear
1674914400,Clear
1674918000,Clear
1674921600,Clear
1674925200,Clear
1674928800,Clear
1674932400,Clear
1674936000,Clear
1674939600,Clear
1674943200,Clear
1674946800,Clear
1674950400,Clear
1674954000,Clear
1674954000,Clear
1674957600,Clear
1674961200,Clear
1674964800,Clear
1674968400,Clear
1674972000,Clear
1674975600,Clear
1674979200,Clear
1674982800,Clear
1674986400,Clear
1674990000,Clear
1674993600,Clear
1674997200,Clear
1675000800,Clear
1675004400,Clear
1675008000,Clear
1675011600,Clear
1675015200,Clear
1675018800,Clouds
1675022400,Clear
1675026000,Clear
1675029600,Clouds
1675033200,Clouds
1675036800,Clouds
1675040400,Clear
1675040400,Clear
1675044000,Clouds
1675047600,Clouds
1675051200,Clouds
1675054800,Clouds
1675058400,Clouds
1675062000,Clear
1675065600,Clear
1675069200,Clear
1675072800,Clear
1675076400,Clear
1675080000,Clear
1675083600,Clear
1675087200,Clear
1675090800,Clear
1675094400,Clear
1675098000,Clear
1675101600,Clear
1675105200,Clear
1675108800,Clear
1675112400,Clear
1675116000,Clear
1675119600,Clear
1675123200,Clear
1675126800,Clear
1675126800,Clear
1675130400,Clear
1675134000,Clear
1675137600,Clear
1675141200,Clear
1675144800,Clear
1675148400,Clear
1675152000,Clear
1675155600,Clear
1675159200,Clear
1675162800,Clear
1675166400,Clear
1675170000,Clear
1675173600,Clear
1675177200,Clear
1675180800,Clear
1675184400,Clear
1675188000,Clear
1675191600,Clouds
1675195200,Clouds
1675198800,Clouds
1675202400,Clouds
1675206000,Clouds
1675209600,Clouds
1675213200,Clear
1675213200,Clear
1675216800,Clear
1675220400,Clear
1675224000,Clear
1675227600,Clear
1675231200,Clear
1675234800,Clear
1675238400,Clear
1675242000,Clear
1675245600,Clear
1675249200,Clear
1675252800,Clear
1675256400,Clear
1675260000,Clear
1675263600,Clear
1675267200,Clear
1675270800,Clear
1675274400,Clear
1675278000,Clear
1675281600,Clear
1675285200,Clear
1675288800,Clear
1675292400,Clear
1675296000,Clear
1675299600,Clear
1675299600,Clear
1675303200,Clear
1675306800,Clear
1675310400,Clear
1675314000,Clear
1675317600,Clear
1675321200,Clear
1675324800,Clear
1675328400,Clear
1675332000,Clear
1675335600,Clear
1675339200,Clear
1675342800,Clear
1675346400,Clear
1675350000,Clear
1675353600,Clear
1675357200,Clear
1675360800,Clear
1675364400,Clear
1675368000,Clear
1675371600,Clear
1675375200,Clear
1675378800,Clear
1675382400,Clear
1675386000,Clear
1675386000,Clear
1675389600,Clear
1675393200,Clear
1675396800,Clear
1675400400,Clear
1675404000,Clear
1675407600,Clear
1675411200,Clear
1675414800,Clear
1675418400,Clear
1675422000,Clear
1675425600,Clear
1675429200,Clear
1675432800,Clear
1675436400,Clear
1675440000,Clear
1675443600,Clear
1675447200,Clear
1675450800,Clear
1675454400,Clear
1675458000,Clear
1675461600,Clear
1675465200,Clear
1675468800,Clear
1675472400,Clear
1675472400,Clear
1675476000,Clear
1675479600,Clear
1675483200,Clear
1675486800,Clear
1675490400,Clear
1675494000,Clear
1675497600,Clear
1675501200,Clear
1675504800,Clear
1675508400,Clear
1675512000,Clear
1675515600,Clear
1675519200,Clear
1675522800,Clear
1675526400,Clear
1675530000,Clear
1675533600,Clear
1675537200,Clear
1675540800,Clear
1675544400,Clear
1675548000,Clear
1675551600,Clear
1675555200,Clear
1675558800,Clear
1675558800,Clear
1675562400,Clear
1675566000,Clear
1675569600,Clear
1675573200,Clear
1675576800,Clear
1675580400,Clear
1675584000,Clear
1675587600,Clear
1675591200,Clear
1675594800,Clear
1675598400,Clear
1675602000,Clear
1675605600,Clear
1675609200,Clear
1675612800,Clear
1675616400,Clear
1675620000,Clear
1675623600,Clear
1675627200,Clear
1675630800,Clear
1675634400,Clear
1675638000,Clear
1675641600,Clear
1675645200,Clear
1675645200,Clear
1675648800,Clear
1675652400,Clear
1675656000,Clear
1675659600,Clear
1675663200,Clear
1675666800,Clear
1675670400,Clouds
1675674000,Clouds
1675677600,Clouds
1675681200,Clouds
1675684800,Clouds
1675688400,Clear
1675692000,Clear
1675695600,Clear
1675699200,Clear
1675702800,Clear
1675706400,Clear
1675710000,Clear
1675713600,Clear
1675717200,Clear
1675720800,Clear
1675724400,Clear
1675728000,Clear
1675731600,Clear
1675731600,Clear
1675735200,Clear
1675738800,Clear
1675742400,Clear
1675746000,Clear
1675749600,Clear
1675753200,Clear
1675756800,Clear
1675760400,Clear
1675764000,Clear
1675767600,Clear
1675771200,Clear
1675774800,Clear
1675778400,Clear
1675782000,Clear
1675785600,Clear
1675789200,Clear
1675792800,Clear
1675796400,Clear
1675800000,Clear
1675803600,Clear
1675807200,Clear
1675810800,Clear
1675814400,Clouds
1675818000,Clouds
1675818000,Clouds
1675821600,Clouds
1675825200,Clouds
1675828800,Clouds
1675832400,Clouds
1675836000,Clouds
1675839600,Clouds
1675843200,Clouds
1675846800,Rain
1675850400,Clouds
1675854000,Rain
1675857600,Clouds
1675861200,Clouds
1675864800,Clouds
1675868400,Clouds
1675872000,Clouds
1675875600,Clouds
1675879200,Clouds
1675882800,Clouds
1675886400,Clouds
1675890000,Clouds
1675893600,Clear
1675897200,Clear
1675900800,Clear
1675904400,Clear
1675904400,Clear
1675908000,Clear
1675911600,Clear
1675915200,Clear
1675918800,Clear
1675922400,Clear
1675926000,Clear
1675929600,Clear
1675933200,Clear
1675936800,Clear
1675940400,Clear
1675944000,Clear
1675947600,Clear
1675951200,Clear
1675954800,Clear
1675958400,Clear
1675962000,Clear
1675965600,Clear
1675969200,Clear
1675972800,Clear
1675976400,Clear
1675980000,Clear
1675983600,Clear
1675987200,Clear
1675990800,Clear
1675990800,Clear
1675994400,Clear
1675998000,Clear
1676001600,Clear
1676005200,Clear
1676008800,Clear
1676012400,Clear
1676016000,Clear
1676019600,Clear
1676023200,Clear
1676026800,Clear
1676030400,Clear
1676034000,Clear
1676037600,Clear
1676041200,Clear
1676044800,Clear
1676048400,Clear
1676052000,Clear
1676055600,Clear
1676059200,Clouds
1676062800,Clouds
1676066400,Clouds
1676070000,Clouds
1676073600,Clouds
1676077200,Clouds
1676077200,Clouds
1676080800,Clouds
1676084400,Clouds
1676088000,Clouds
1676091600,Clouds
1676095200,Clouds
1676098800,Clear
1676102400,Clear
1676106000,Clear
1676109600,Clear
1676113200,Clear
1676116800,Clear
1676120400,Clouds
1676124000,Clouds
1676127600,Clouds
1676131200,Clouds
1676134800,Clouds
1676138400,Clouds
1676142000,Clouds
1676145600,Clouds
1676149200,Clouds
1676152800,Clouds
1676156400,Clouds
1676160000,Clouds
1676163600,Clouds
1676163600,Clouds
1676167200,Clouds
1676170800,Clouds
1676174400,Clouds
1676178000,Clouds
1676181600,Clouds
1676185200,Clouds
1676188800,Clouds
1676192400,Clouds
1676196000,Clouds
1676199600,Clouds
1676203200,Clouds
1676206800,Clouds
1676210400,Clouds
1676214000,Clouds
1676217600,Clouds
1676221200,Clouds
1676224800,Clouds
1676228400,Clouds
1676232000,Clouds
1676235600,Clouds
1676239200,Clouds
1676242800,Clouds
1676246400,Clouds
1676250000,Clouds
1676250000,Clouds
1676253600,Clouds
1676257200,Clouds
1676260800,Clouds
1676264400,Clouds
1676268000,Clouds
1676271600,Clouds
1676275200,Clouds
1676278800,Clouds
1676282400,Clouds
1676286000,Clouds
1676289600,Clouds
1676293200,Clouds
1676296800,Clouds
1676300400,Clouds
1676304000,Clouds
1676307600,Clouds
1676311200,Clouds
1676314800,Clouds
1676318400,Clouds
1676322000,Clouds
1676325600,Clouds
1676329200,Clouds
1676332800,Clouds
1676336400,Clouds
1676336400,Clouds
1676340000,Clouds
1676343600,Clouds
1676347200,Clouds
1676350800,Clouds
1676354400,Clouds
1676358000,Clouds
1676361600,Clouds
1676365200,Clouds
1676368800,Clouds
1676372400,Clouds
1676376000,Clouds
1676379600,Clouds
1676383200,Clouds
1676386800,Clouds
1676390400,Clouds
1676394000,Clouds
1676397600,Clouds
1676401200,Clouds
1676404800,Clouds
1676408400,Clouds
1676412000,Clouds
1676415600,Clouds
1676419200,Clouds
1676422800,Clouds
1676422800,Clouds
1676426400,Clouds
1676430000,Clouds
1676433600,Clouds
1676437200,Clouds
1676440800,Clouds
1676444400,Clouds
1676448000,Clouds
1676451600,Clouds
1676455200,Clouds
1676458800,Clouds
1676462400,Clouds
1676466000,Clouds
1676469600,Clouds
1676473200,Clouds
1676476800,Clouds
1676480400,Clouds
1676484000,Clouds
1676487600,Clear
1676491200,Clear
1676494800,Clouds
1676498400,Clouds
1676502000,Clouds
1676505600,Clouds
1676509200,Clear
1676509200,Clear
1676512800,Clear
1676516400,Clear
1676520000,Clear
1676523600,Clouds
1676527200,Clouds
1676530800,Clouds
1676534400,Clouds
1676538000,Clouds
1676541600,Clouds
1676545200,Clouds
1676548800,Clouds
1676552400,Clouds
1676556000,Clear
1676559600,Clear
1676563200,Clear
1676566800,Clear
1676570400,Clear
1676574000,Clear
1676577600,Clear
1676581200,Clear
1676584800,Clear
1676588400,Clear
1676592000,Clear
1676595600,Clouds
1676595600,Clouds
1676599200,Clear
1676602800,Clear
1676606400,Clear
1676610000,Clear
1676613600,Clear
1676617200,Clear
1676620800,Clear
1676624400,Clear
1676628000,Clear
1676631600,Clear
1676635200,Clear
1676638800,Clear
1676642400,Clear
1676646000,Clear
1676649600,Clear
1676653200,Clear
1676656800,Clear
1676660400,Clear
1676664000,Clear
1676667600,Clear
1676671200,Clear
1676674800,Clear
1676678400,Clear
1676682000,Clear
1676682000,Clear
1676685600,Clear
1676689200,Clear
1676692800,Clear
1676696400,Clear
1676700000,Clear
1676703600,Clouds
1676707200,Clouds
1676710800,Clouds
1676714400,Clouds
1676718000,Clouds
1676721600,Clouds
1676725200,Clouds
1676728800,Clouds
1676732400,Clouds
1676736000,Clouds
1676739600,Clouds
1676743200,Clouds
1676746800,Clouds
1676750400,Clouds
1676754000,Clouds
1676757600,Clouds
1676761200,Clouds
1676764800,Clouds
1676768400,Clouds
1676768400,Clouds
1676772000,Clouds
1676775600,Clouds
1676779200,Clouds
1676782800,Clouds
1676786400,Clouds
1676790000,Clouds
1676793600,Clouds
1676797200,Clouds
1676800800,Clouds
1676804400,Clouds
1676808000,Clouds
1676811600,Rain
1676815200,Clouds
1676818800,Clouds
1676822400,Clouds
1676826000,Clouds
1676829600,Clouds
1676833200,Clouds
1676836800,Clouds
1676840400,Clouds
1676844000,Clouds
1676847600,Clouds
1676851200,Clouds
1676854800,Clouds
1676854800,Clouds
1676858400,Clouds
1676862000,Clouds
1676865600,Clouds
1676869200,Clouds
1676872800,Clouds
1676876400,Clouds
1676880000,Clouds
1676883600,Clouds
1676887200,Clouds
1676890800,Clouds
1676894400,Clouds
1676898000,Clouds
1676901600,Clouds
1676905200,Clouds
1676908800,Rain
1676912400,Clouds
1676916000,Clouds
1676919600,Rain
1676923200,Rain
1676926800,Clouds
1676930400,Clouds
1676934000,Clouds
1676937600,Clouds
1676941200,Clouds
1676941200,Clouds
1676944800,Clouds
1676948400,Clouds
1676952000,Clouds
1676955600,Clouds
1676959200,Clouds
1676962800,Clouds
1676966400,Clouds
1676970000,Clouds
1676973600,Clouds
1676977200,Clouds
1676980800,Clouds
1676984400,Clouds
1676988000,Clouds
1676991600,Clouds
1676995200,Clouds
1676998800,Clouds
1677002400,Clouds
1677006000,Clouds
1677009600,Clouds
1677013200,Clouds
1677016800,Clouds
1677020400,Clouds
1677024000,Clouds
1677027600,Clouds
1677027600,Clouds
1677031200,Clouds
1677034800,Clouds
1677038400,Clouds
1677042000,Clouds
1677045600,Clouds
1677049200,Clouds
1677052800,Clouds
1677056400,Clouds
1677060000,Clouds
1677063600,Clouds
1677067200,Clouds
1677070800,Clouds
1677074400,Clouds
1677078000,Clouds
1677081600,Clouds
1677085200,Clouds
1677088800,Clouds
1677092400,Clouds
1677096000,Clouds
1677099600,Clouds
1677103200,Clouds
1677106800,Clouds
1677110400,Clouds
1677114000,Clouds
1677114000,Clouds
1677117600,Clouds
1677121200,Clouds
1677124800,Clouds
1677128400,Clouds
1677132000,Clouds
1677135600,Clear
1677139200,Clear
1677142800,Clear
1677146400,Clear
1677150000,Clear
1677153600,Clear
1677157200,Clear
1677160800,Clouds
1677164400,Clouds
1677168000,Clouds
1677171600,Clouds
1677175200,Clouds
1677178800,Clear
1677182400,Clear
1677186000,Clear
1677189600,Clear
1677193200,Clear
1677196800,Clear
1677200400,Clear
1677200400,Clear
1677204000,Clear
1677207600,Clear
1677211200,Clear
1677214800,Clear
1677218400,Clear
1677222000,Clear
1677225600,Clear
1677229200,Clear
1677232800,Clear
1677236400,Clear
1677240000,Clear
1677243600,Clear
1677247200,Clear
1677250800,Clear
1677254400,Clear
1677258000,Clear
1677261600,Clear
1677265200,Clouds
1677268800,Clouds
1677272400,Clouds
1677276000,Clouds
1677279600,Clouds
1677283200,Clear
1677286800,Clear
1677286800,Clear
1677290400,Clear
1677294000,Clear
1677297600,Clear
1677301200,Clear
1677304800,Clouds
1677308400,Clouds
1677312000,Clouds
1677315600,Rain
1677319200,Clouds
1677322800,Clouds
1677326400,Clouds
1677330000,Clouds
1677333600,Clouds
1677337200,Rain
1677340800,Rain
1677344400,Rain
1677348000,Clouds
1677351600,Clouds
1677355200,Clouds
1677358800,Clouds
1677362400,Clouds
1677366000,Clouds
1677369600,Clouds
1677373200,Clouds
1677373200,Clouds
1677376800,Clouds
1677380400,Clouds
1677384000,Clouds
1677387600,Clouds
1677391200,Clouds
1677394800,Clouds
1677398400,Clouds
1677402000,Clouds
1677405600,Clouds
1677409200,Clouds
1677412800,Clouds
1677416400,Clear
1677420000,Clear
1677423600,Clouds
1677427200,Clear
1677430800,Clear
1677434400,Clear
1677438000,Clear
1677441600,Clear
1677445200,Clear
1677448800,Clear
1677452400,Clear
1677456000,Clear
1677459600,Clear
1677459600,Clear
1677463200,Clear
1677466800,Clear
1677470400,Clear
1677474000,Clear
1677477600,Clear
1677481200,Clouds
1677484800,Clouds
1677488400,Clouds
1677492000,Clouds
1677495600,Clouds
1677499200,Clouds
1677502800,Clear
1677506400,Clear
1677510000,Clear
1677513600,Clear
1677517200,Clear
1677520800,Clear
1677524400,Clear
1677528000,Clouds
1677531600,Clouds
1677535200,Clouds
1677538800,Clouds
1677542400,Clouds
1677546000,Clouds
1677546000,Clouds
1677549600,Clouds
1677553200,Clouds
1677556800,Clouds
1677560400,Clouds
1677564000,Clouds
1677567600,Clouds
1677571200,Clouds
1677574800,Clouds
1677578400,Clouds
1677582000,Clouds
1677585600,Clouds
1677589200,Clear
1677592800,Clear
1677596400,Clear
1677600000,Clear
1677603600,Clear
1677607200,Clear
1677610800,Clear
1677614400,Clear
1677618000,Clear
1677621600,Clear
1677625200,Clear
1677628800,Clear
1677632400,Clear
1677632400,Clear
1677636000,Clear
1677639600,Clear
1677643200,Clear
1677646800,Clear
1677650400,Clear
1677654000,Clear
1677657600,Clear
1677661200,Clear
1677664800,Clear
1677668400,Clear
1677672000,Clear
1677675600,Clear
1677679200,Clear
1677682800,Clear
1677686400,Clear
1677690000,Clear
1677693600,Clear
1677697200,Clear
1677700800,Clear
1677704400,Clear
1677708000,Clouds
1677711600,Clouds
1677715200,Clouds
1677718800,Clear
1677718800,Clear
1677722400,Clear
1677726000,Clear
1677729600,Clear
1677733200,Clear
1677736800,Clear
1677740400,Clear
1677744000,Clear
1677747600,Clear
1677751200,Clear
1677754800,Clear
1677758400,Clear
1677762000,Clear
1677765600,Clear
1677769200,Clouds
1677772800,Clouds
1677776400,Clouds
1677780000,Clouds
1677783600,Clouds
1677787200,Clouds
1677790800,Clouds
1677794400,Clouds
1677798000,Clouds
1677801600,Clouds
1677805200,Clouds
1677805200,Clouds
1677808800,Clouds
1677812400,Clouds
1677816000,Clouds
1677819600,Clouds
1677823200,Clouds
1677826800,Clouds
1677830400,Clouds
1677834000,Clouds
1677837600,Clouds
1677841200,Clouds
1677844800,Clouds
1677848400,Clouds
1677852000,Clouds
1677855600,Clouds
1677859200,Clouds
1677862800,Clouds
1677866400,Clouds
1677870000,Clouds
1677873600,Clouds
1677877200,Clouds
1677880800,Clouds
1677884400,Clouds
1677888000,Clouds
1677891600,Clouds
1677891600,Clouds
1677895200,Clouds
1677898800,Clouds
1677902400,Clouds
1677906000,Clouds
1677909600,Clouds
1677913200,Clouds
1677916800,Clouds
1677920400,Clouds
1677924000,Clouds
1677927600,Clouds
1677931200,Clear
1677934800,Clear
1677938400,Clear
1677942000,Clear
1677945600,Clear
1677949200,Clear
1677952800,Clouds
1677956400,Clouds
1677960000,Clouds
1677963600,Clouds
1677967200,Clouds
1677970800,Clouds
1677974400,Clouds
1677978000,Clouds
1677978000,Clouds
1677981600,Rain
1677985200,Rain
1677988800,Clouds
1677992400,Rain
1677996000,Rain
1677999600,Clouds
1678003200,Rain
1678006800,Clouds
1678010400,Rain
1678014000,Clouds
1678017600,Clouds
1678021200,Clouds
1678024800,Rain
1678028400,Rain
1678032000,Clouds
1678035600,Clouds
1678039200,Clouds
1678042800,Clouds
1678046400,Clouds
1678050000,Clouds
1678053600,Clouds
1678057200,Clouds
1678060800,Clouds
1678064400,Clouds
1678064400,Clouds
1678068000,Clouds
1678071600,Clouds
1678075200,Clouds
1678078800,Clouds
1678082400,Clouds
1678086000,Clouds
1678089600,Clouds
1678093200,Clouds
1678096800,Clouds
1678100400,Clouds
1678104000,Clouds
1678107600,Clouds
1678111200,Clouds
1678114800,Clouds
1678118400,Clouds
1678122000,Clouds
1678125600,Clouds
1678129200,Clouds
1678132800,Rain
1678136400,Clouds
1678140000,Clouds
1678143600,Clouds
1678147200,Clouds
1678150800,Clouds
1678150800,Clouds
1678154400,Clouds
1678158000,Clouds
1678161600,Clouds
1678165200,Clouds
1678168800,Clouds
1678172400,Clouds
1678176000,Clouds
1678179600,Clouds
1678183200,Clouds
1678186800,Clouds
1678190400,Clouds
1678194000,Clouds
1678197600,Clouds
1678201200,Clouds
1678204800,Clouds
1678208400,Clouds
1678212000,Clouds
1678215600,Clouds
1678219200,Clouds
1678222800,Clouds
1678226400,Clouds
1678230000,Clouds
1678233600,Clouds
1678237200,Clouds
1678237200,Clouds
1678240800,Clouds
1678244400,Clouds
1678248000,Clouds
1678251600,Clouds
1678255200,Clouds
1678258800,Clouds
1678262400,Clouds
1678266000,Clouds
1678269600,Clouds
1678273200,Clouds
1678276800,Clouds
1678280400,Clouds
1678284000,Clouds
1678287600,Clouds
1678291200,Clouds
1678294800,Clouds
1678298400,Clouds
1678302000,Clouds
1678305600,Clouds
1678309200,Clouds
1678312800,Clouds
1678316400,Clouds
1678320000,Clouds
1678323600,Clouds
1678323600,Clouds
1678327200,Clouds
1678330800,Clouds
1678334400,Clouds
1678338000,Clouds
1678341600,Clouds
1678345200,Clouds
1678348800,Clouds
1678352400,Clouds
1678356000,Clouds
1678359600,Clouds
1678363200,Clouds
1678366800,Clouds
1678370400,Clouds
1678374000,Clouds
1678377600,Clouds
1678381200,Clouds
1678384800,Clouds
1678388400,Clouds
1678392000,Clouds
1678395600,Clouds
1678399200,Clouds
1678402800,Clouds
1678406400,Clouds
1678410000,Clouds
1678410000,Clouds
1678413600,Clouds
1678417200,Clouds
1678420800,Clouds
1678424400,Clouds
1678428000,Clouds
1678431600,Clouds
1678435200,Clouds
1678438800,Clouds
1678442400,Clouds
1678446000,Clouds
1678449600,Clouds
1678453200,Clouds
1678456800,Clouds
1678460400,Clouds
1678464000,Clouds
1678467600,Clouds
1678471200,Clouds
1678474800,Clouds
1678478400,Clouds
1678482000,Clouds
1678485600,Clouds
1678489200,Clouds
1678492800,Clouds
1678496400,Clouds
1678496400,Clouds
1678500000,Clouds
1678503600,Clouds
1678507200,Clouds
1678510800,Clouds
1678514400,Clouds
1678518000,Clouds
1678521600,Clouds
1678525200,Clouds
1678528800,Clouds
1678532400,Clouds
1678536000,Clouds
1678539600,Clouds
1678543200,Clouds
1678546800,Clouds
1678550400,Clouds
1678554000,Clouds
1678557600,Clouds
1678561200,Clouds
1678564800,Clouds
1678568400,Clouds
1678572000,Clouds
1678575600,Clouds
1678579200,Clouds
1678582800,Clouds
1678582800,Clouds
1678586400,Clouds
1678590000,Clouds
1678593600,Clouds
1678597200,Clouds
1678600800,Clouds
1678604400,Clouds
1678608000,Clouds
1678611600,Clouds
1678615200,Clouds
1678618800,Clouds
1678622400,Clouds
1678626000,Clouds
1678629600,Clouds
1678633200,Clouds
1678636800,Clouds
1678640400,Clouds
1678644000,Clouds
1678647600,Clouds
1678651200,Clouds
1678654800,Clouds
1678658400,Clouds
1678662000,Clouds
1678665600,Clouds
1678669200,Clouds
1678669200,Clouds
1678672800,Clouds
1678676400,Clouds
1678680000,Clouds
1678683600,Clouds
1678687200,Clouds
1678690800,Clouds
1678694400,Clouds
1678698000,Clouds
1678701600,Clouds
1678705200,Clouds
1678708800,Clouds
1678712400,Clear
1678716000,Clear
1678719600,Clear
1678723200,Clear
1678726800,Clear
1678730400,Clear
1678734000,Clear
1678737600,Clear
1678741200,Clear
1678744800,Clear
1678748400,Clear
1678752000,Clouds
1678755600,Clouds
1678755600,Clouds
1678759200,Clouds
1678762800,Clouds
1678766400,Clouds
1678770000,Clouds
1678773600,Clouds
1678777200,Clouds
1678780800,Clouds
1678784400,Clouds
1678788000,Clouds
1678791600,Clouds
1678795200,Clouds
1678798800,Clouds
1678802400,Clouds
1678806000,Clouds
1678809600,Clouds
1678813200,Clouds
1678816800,Clouds
1678820400,Clouds
1678824000,Clouds
1678827600,Clouds
1678831200,Clouds
1678834800,Clouds
1678838400,Clouds
1678842000,Clear
1678842000,Clear
1678845600,Clear
1678849200,Clear
1678852800,Clear
1678856400,Clear
1678860000,Clear
1678863600,Clouds
1678867200,Clouds
1678870800,Clouds
1678874400,Clouds
1678878000,Clouds
1678881600,Clouds
1678885200,Clear
1678888800,Clear
1678892400,Clear
1678896000,Clear
1678899600,Clear
1678903200,Clear
1678906800,Clear
1678910400,Clear
1678914000,Clouds
1678917600,Clouds
1678921200,Clouds
1678924800,Clouds
1678928400,Clouds
1678928400,Clouds
1678932000,Clouds
1678935600,Clouds
1678939200,Clouds
1678942800,Clouds
1678946400,Clouds
1678950000,Clouds
1678953600,Clouds
1678957200,Clouds
1678960800,Clouds
1678964400,Clouds
1678968000,Clouds
1678971600,Clouds
1678975200,Clouds
1678978800,Clouds
1678982400,Clouds
1678986000,Clouds
1678989600,Clouds
1678993200,Rain
1678996800,Clouds
1679000400,Clouds
1679004000,Clouds
1679007600,Clouds
1679011200,Clouds
1679014800,Clouds
1679014800,Clouds
1679018400,Clouds
1679022000,Clouds
1679025600,Clouds
1679029200,Clouds
1679032800,Clouds
1679036400,Clouds
1679040000,Clouds
1679043600,Rain
1679047200,Clouds
1679050800,Clouds
1679054400,Clouds
1679058000,Clouds
1679061600,Clouds
1679065200,Clouds
1679068800,Clouds
1679072400,Clouds
1679076000,Clouds
1679079600,Clouds
1679083200,Clouds
1679086800,Clouds
1679090400,Clouds
1679094000,Clouds
1679097600,Clouds
1679101200,Clouds
1679101200,Clouds
1679104800,Clouds
1679108400,Clouds
1679112000,Clouds
1679115600,Clouds
1679119200,Clouds
1679122800,Clouds
1679126400,Clouds
1679130000,Clouds
1679133600,Clouds
1679137200,Clouds
1679140800,Clouds
1679144400,Clouds
1679148000,Clouds
1679151600,Clouds
1679155200,Clouds
1679158800,Clouds
1679162400,Clouds
1679166000,Clouds
1679169600,Clouds
1679173200,Clouds
1679176800,Clouds
1679180400,Clouds
1679184000,Clouds
1679187600,Clouds
1679187600,Clouds
1679191200,Clouds
1679194800,Clouds
1679198400,Clouds
1679202000,Clouds
1679205600,Clouds
1679209200,Clouds
1679212800,Clouds
1679216400,Clouds
1679220000,Clouds
1679223600,Clouds
1679227200,Clouds
1679230800,Clouds
1679234400,Clouds
1679238000,Clouds
1679241600,Clouds
1679245200,Clouds
1679248800,Clouds
1679252400,Clouds
1679256000,Clouds
1679259600,Clouds
1679263200,Clouds
1679266800,Clouds
1679270400,Clouds
1679274000,Clouds
1679274000,Clouds
1679277600,Clouds
1679281200,Clouds
1679284800,Clouds
1679288400,Clouds
1679292000,Clouds
1679295600,Clouds
1679299200,Clouds
1679302800,Clouds
1679306400,Clouds
1679310000,Clouds
1679313600,Clouds
1679317200,Clouds
1679320800,Clouds
1679324400,Clouds
1679328000,Clouds
1679331600,Clouds
1679335200,Clouds
1679338800,Clouds
1679342400,Clouds
1679346000,Clouds
1679349600,Clouds
1679353200,Clouds
1679356800,Clouds
1679360400,Clouds
1679360400,Clouds
1679364000,Clouds
1679367600,Clouds
1679371200,Clouds
1679374800,Clouds
1679378400,Clouds
1679382000,Clear
1679385600,Clear
1679389200,Clear
1679392800,Clear
1679396400,Clouds
1679400000,Clouds
1679403600,Clear
1679407200,Clear
1679410800,Clear
1679414400,Clouds
1679418000,Clouds
1679421600,Clouds
1679425200,Clouds
1679428800,Clouds
1679432400,Clouds
1679436000,Clouds
1679439600,Clouds
1679443200,Clouds
1679446800,Clouds
1679446800,Clouds
1679450400,Clouds
1679454000,Clouds
1679457600,Clouds
1679461200,Clouds
1679464800,Clouds
1679468400,Clouds
1679472000,Clouds
1679475600,Clouds
1679479200,Clouds
1679482800,Clouds
1679486400,Clouds
1679490000,Clouds
1679493600,Clouds
1679497200,Clouds
1679500800,Clouds
1679504400,Clouds
1679508000,Clouds
1679511600,Clouds
1679515200,Clouds
1679518800,Clouds
1679522400,Clouds
1679526000,Clouds
1679529600,Clouds
1679533200,Clouds
1679533200,Clouds
1679536800,Clouds
1679540400,Clouds
1679544000,Clouds
1679547600,Clouds
1679551200,Clouds
1679554800,Clouds
1679558400,Clouds
1679562000,Clouds
1679565600,Clouds
1679569200,Clouds
1679572800,Clouds
1679576400,Clouds
1679580000,Clouds
1679583600,Clouds
1679587200,Clouds
1679590800,Clouds
1679594400,Clouds
1679598000,Clouds
1679601600,Clouds
1679605200,Clouds
1679608800,Clouds
1679612400,Clouds
1679616000,Clouds
1679619600,Clouds
1679619600,Clouds
1679623200,Clouds
1679626800,Clouds
1679630400,Clouds
1679634000,Clouds
1679637600,Rain
1679641200,Clouds
1679644800,Clouds
1679648400,Clouds
1679652000,Clouds
1679655600,Clouds
1679659200,Clouds
1679662800,Clouds
1679666400,Clouds
1679670000,Clouds
1679673600,Clear
1679677200,Clear
1679680800,Clear
1679684400,Clear
1679688000,Clear
1679691600,Clouds
1679695200,Clouds
1679698800,Clouds
1679702400,Clouds
1679706000,Clouds
1679706000,Clouds
1679709600,Clouds
1679713200,Clouds
1679716800,Clouds
1679720400,Clouds
1679724000,Clouds
1679727600,Clouds
1679731200,Clouds
1679734800,Clouds
1679738400,Clouds
1679742000,Clouds
1679745600,Clouds
1679749200,Clouds
1679752800,Clouds
1679756400,Clouds
1679760000,Clouds
1679763600,Clouds
1679767200,Clouds
1679770800,Clouds
1679774400,Clouds
1679778000,Clouds
1679781600,Clouds
1679785200,Clouds
1679788800,Clouds
1679792400,Clouds
1679792400,Clouds
1679796000,Clouds
1679799600,Clouds
1679803200,Clouds
1679806800,Clouds
1679810400,Clouds
1679814000,Clouds
1679817600,Clouds
1679821200,Clouds
1679824800,Clouds
1679828400,Clouds
1679832000,Clouds
1679835600,Clear
1679839200,Clear
1679842800,Clear
1679846400,Clouds
1679850000,Clouds
1679853600,Clouds
1679857200,Clouds
1679860800,Clouds
1679864400,Clouds
1679868000,Clouds
1679871600,Clouds
1679875200,Clouds
1679878800,Clouds
1679878800,Clouds
1679882400,Clouds
1679886000,Clouds
1679889600,Clouds
1679893200,Clouds
1679896800,Clouds
1679900400,Clouds
1679904000,Clouds
1679907600,Clouds
1679911200,Clouds
1679914800,Clouds
1679918400,Clouds
1679922000,Clear
1679925600,Clear
1679929200,Clear
1679932800,Clear
1679936400,Clouds
1679940000,Clouds
1679943600,Clouds
1679947200,Clouds
1679950800,Clouds
1679954400,Clouds
1679958000,Clouds
1679961600,Clouds
1679965200,Clouds
1679965200,Clouds
1679968800,Clouds
1679972400,Clouds
1679976000,Clouds
1679979600,Clouds
1679983200,Clouds
1679986800,Clouds
1679990400,Clouds
1679994000,Clouds
1679997600,Clouds
1680001200,Clouds
1680004800,Clouds
1680008400,Clouds
1680012000,Clouds
1680015600,Clouds
1680019200,Clouds
1680022800,Clouds
1680026400,Clouds
1680030000,Clouds
1680033600,Clouds
1680037200,Clouds
1680040800,Clouds
1680044400,Clouds
1680048000,Clouds
1680051600,Clouds
1680051600,Clouds
1680055200,Clouds
1680058800,Clouds
1680062400,Clouds
1680066000,Clouds
1680069600,Clouds
1680073200,Clouds
1680076800,Clouds
1680080400,Clouds
1680084000,Clouds
1680087600,Clouds
1680091200,Clouds
1680094800,Clouds
1680098400,Clouds
1680102000,Clouds
1680105600,Clouds
1680109200,Clouds
1680112800,Clouds
1680116400,Clear
1680120000,Clouds
1680123600,Clouds
1680127200,Clouds
1680130800,Clouds
1680134400,Clouds
1680138000,Clouds
1680138000,Clouds
1680141600,Clouds
1680145200,Clouds
1680148800,Clouds
1680152400,Clouds
1680156000,Clouds
1680159600,Clouds
1680163200,Clouds
1680166800,Clouds
1680170400,Clouds
1680174000,Clouds
1680177600,Clouds
1680181200,Clouds
1680184800,Clouds
1680188400,Clouds
1680192000,Clouds
1680195600,Clouds
1680199200,Clouds
1680202800,Clouds
1680206400,Clouds
1680210000,Clouds
1680213600,Clouds
1680217200,Clouds
1680220800,Clouds
1680224400,Clouds
1680224400,Clouds
1680228000,Clouds
1680231600,Clouds
1680235200,Clouds
1680238800,Clouds
1680242400,Clouds
1680246000,Clouds
1680249600,Clouds
1680253200,Clouds
1680256800,Clouds
1680260400,Clouds
1680264000,Clouds
1680267600,Clouds
1680271200,Clouds
1680274800,Clouds
1680278400,Clouds
1680282000,Clouds
1680285600,Clouds
1680289200,Clouds
1680292800,Clouds
1680296400,Clouds
1680300000,Clouds
1680303600,Clouds
1680307200,Clouds
1680310800,Clouds
1680310800,Clouds
1680314400,Clouds
1680318000,Clouds
1680321600,Clouds
1680325200,Clouds
1680328800,Clouds
1680332400,Clouds
1680336000,Clouds
1680339600,Clouds
1680343200,Clouds
1680346800,Rain
1680350400,Clouds
1680354000,Clouds
1680357600,Clouds
1680361200,Clouds
1680364800,Clouds
1680368400,Clouds
1680372000,Clouds
1680375600,Clouds
1680379200,Clouds
1680382800,Clouds
1680386400,Clouds
1680390000,Clouds
1680393600,Clouds
1680397200,Clear
1680397200,Clear
1680400800,Clear
1680404400,Clouds
1680408000,Clouds
1680411600,Clouds
1680415200,Clouds
1680418800,Clear
1680422400,Clear
1680426000,Clear
1680429600,Clear
1680433200,Clear
1680436800,Clear
1680440400,Clear
1680444000,Clouds
1680447600,Clouds
1680451200,Clouds
1680454800,Clouds
1680458400,Clouds
1680462000,Clouds
1680465600,Clouds
1680469200,Clouds
1680472800,Clouds
1680476400,Clouds
1680480000,Clouds
1680483600,Clouds
1680483600,Clouds
1680487200,Clouds
1680490800,Clouds
1680494400,Clouds
1680498000,Clouds
1680501600,Clouds
1680505200,Clouds
1680508800,Clouds
1680512400,Clouds
1680516000,Clouds
1680519600,Clouds
1680523200,Clouds
1680526800,Clouds
1680530400,Clouds
1680534000,Clouds
1680537600,Clouds
1680541200,Clouds
1680544800,Clouds
1680548400,Clouds
1680552000,Clouds
1680555600,Clouds
1680559200,Clouds
1680562800,Clouds
1680566400,Clouds
1680570000,Clouds
1680570000,Clouds
1680573600,Clouds
1680577200,Clouds
1680580800,Clouds
1680584400,Clouds
1680588000,Clouds
1680591600,Clouds
1680595200,Clouds
1680598800,Clouds
1680602400,Clouds
1680606000,Clouds
1680609600,Clouds
1680613200,Clear
1680616800,Clear
1680620400,Clear
1680624000,Clear
1680627600,Clear
1680631200,Clear
1680634800,Clear
1680638400,Clear
1680642000,Clear
1680645600,Clear
1680649200,Clear
1680652800,Clear
1680656400,Clear
1680656400,Clear
1680660000,Clear
1680663600,Clear
1680667200,Clear
1680670800,Clear
1680674400,Clouds
1680678000,Clouds
1680681600,Clouds
1680685200,Clouds
1680688800,Clouds
1680692400,Clouds
1680696000,Clouds
1680699600,Clouds
1680703200,Clouds
1680706800,Clouds
1680710400,Clouds
1680714000,Clouds
1680717600,Clouds
1680721200,Clouds
1680724800,Clouds
1680728400,Clouds
1680732000,Clouds
1680735600,Clouds
1680739200,Clouds
1680742800,Clouds
1680742800,Clouds
1680746400,Clouds
1680750000,Clouds
1680753600,Clouds
1680757200,Clouds
1680760800,Clouds
1680764400,Clear
1680768000,Clear
1680771600,Clear
1680775200,Clear
1680778800,Clear
1680782400,Clear
1680786000,Clear
1680789600,Clear
1680793200,Clear
1680796800,Clear
1680800400,Clear
1680804000,Clear
1680807600,Clear
1680811200,Clear
1680814800,Clear
1680818400,Clear
1680822000,Clear
1680825600,Clear
1680829200,Clear
1680829200,Clear
1680832800,Clear
1680836400,Clear
1680840000,Clear
1680843600,Clouds
1680847200,Clouds
1680850800,Clear
1680854400,Clouds
1680858000,Clouds
1680861600,Clouds
1680865200,Clouds
1680868800,Clouds
1680872400,Clouds
1680876000,Clouds
1680879600,Clouds
1680883200,Clouds
1680886800,Clouds
1680890400,Clouds
1680894000,Clouds
1680897600,Clouds
1680901200,Clouds
1680904800,Clouds
1680908400,Clouds
1680912000,Clouds
1680915600,Clouds
1680915600,Clouds
1680919200,Clouds
1680922800,Clouds
1680926400,Clouds
1680930000,Clouds
1680933600,Clouds
1680937200,Clouds
1680940800,Clouds
1680944400,Clouds
1680948000,Clouds
1680951600,Clouds
1680955200,Clouds
1680958800,Clouds
1680962400,Clouds
1680966000,Clouds
1680969600,Clouds
1680973200,Clouds
1680976800,Clouds
1680980400,Clouds
1680984000,Clouds
1680987600,Clouds
1680991200,Clouds
1680994800,Clouds
1680998400,Clouds
1681002000,Clouds
1681002000,Clouds
1681005600,Clouds
1681009200,Clouds
1681012800,Clouds
1681016400,Clouds
1681020000,Clouds
1681023600,Clear
1681027200,Clear
1681030800,Clouds
1681034400,Clouds
1681038000,Clouds
1681041600,Clouds
1681045200,Clouds
1681048800,Clouds
1681052400,Clouds
1681056000,Clouds
1681059600,Clouds
1681063200,Clouds
1681066800,Clouds
1681070400,Clouds
1681074000,Clouds
1681077600,Clouds
1681081200,Clouds
1681084800,Clouds
1681088400,Clouds
1681088400,Clouds
1681092000,Clouds
1681095600,Clouds
1681099200,Clouds
1681102800,Clouds
1681106400,Clouds
1681110000,Clouds
1681113600,Clouds
1681117200,Clouds
1681120800,Clouds
1681124400,Clouds
1681128000,Clouds
1681131600,Clouds
1681135200,Clouds
1681138800,Clouds
1681142400,Clouds
1681146000,Clouds
1681149600,Clouds
1681153200,Clouds
1681156800,Clouds
1681160400,Clouds
1681164000,Clouds
1681167600,Clouds
1681171200,Clouds
1681174800,Clouds
1681174800,Clouds
1681178400,Clouds
1681182000,Clouds
1681185600,Clouds
1681189200,Clouds
1681192800,Clouds
1681196400,Clear
1681200000,Clear
1681203600,Clear
1681207200,Clear
1681210800,Clear
1681214400,Clouds
1681218000,Clouds
1681221600,Clouds
1681225200,Clouds
1681228800,Clouds
1681232400,Clouds
1681236000,Clouds
1681239600,Clouds
1681243200,Clouds
1681246800,Clouds
1681250400,Clouds
1681254000,Clouds
1681257600,Clouds
1681261200,Clouds
1681261200,Clouds
1681264800,Clouds
1681268400,Rain
1681272000,Clouds
1681275600,Clouds
1681279200,Clouds
1681282800,Clouds
1681286400,Clouds
1681290000,Rain
1681293600,Clouds
1681297200,Clouds
1681300800,Clouds
1681304400,Clouds
1681308000,Clouds
1681311600,Clouds
1681315200,Clouds
1681318800,Clouds
1681322400,Clouds
1681326000,Clear
1681329600,Clear
1681333200,Clear
1681336800,Clouds
1681340400,Clouds
1681344000,Clouds
1681347600,Clouds
1681347600,Clouds
1681351200,Clouds
1681354800,Clouds
1681358400,Clouds
1681362000,Clouds
1681365600,Rain
1681369200,Clouds
1681372800,Clouds
1681376400,Clouds
1681380000,Clouds
1681383600,Clouds
1681387200,Clouds
1681390800,Clouds
1681394400,Clouds
1681398000,Clouds
1681401600,Clouds
1681405200,Clouds
1681408800,Clouds
1681412400,Clouds
1681416000,Clouds
1681419600,Clouds
1681423200,Clouds
1681426800,Clouds
1681430400,Clouds
1681434000,Clouds
1681434000,Clouds
1681437600,Clouds
1681441200,Clouds
1681444800,Clouds
1681448400,Clouds
1681452000,Clouds
1681455600,Clouds
1681459200,Clouds
1681462800,Clouds
1681466400,Clouds
1681470000,Clouds
1681473600,Clouds
1681477200,Clouds
1681480800,Clouds
1681484400,Clouds
1681488000,Clouds
1681491600,Clouds
1681495200,Clouds
1681498800,Clouds
1681502400,Clouds
1681506000,Clouds
1681509600,Clouds
1681513200,Clouds
1681516800,Clouds
1681520400,Clouds
1681520400,Clouds
1681524000,Clouds
1681527600,Clouds
1681531200,Clouds
1681534800,Clouds
1681538400,Clouds
1681542000,Clouds
1681545600,Clouds
1681549200,Clouds
1681552800,Clouds
1681556400,Clouds
1681560000,Clouds
1681563600,Clear
1681567200,Clear
1681570800,Clear
1681574400,Clear
1681578000,Clear
1681581600,Clear
1681585200,Clear
1681588800,Clear
1681592400,Clear
1681596000,Clear
1681599600,Clear
1681603200,Clear
1681606800,Clear
1681606800,Clear
1681610400,Clear
1681614000,Clear
1681617600,Clear
1681621200,Clear
1681624800,Clear
1681628400,Clear
1681632000,Clear
1681635600,Clear
1681639200,Clear
1681642800,Clear
1681646400,Clear
1681650000,Clear
1681653600,Clear
1681657200,Clear
1681660800,Clear
1681664400,Clear
1681668000,Clear
1681671600,Clear
1681675200,Clear
1681678800,Clear
1681682400,Clear
1681686000,Clear
1681689600,Clear
1681693200,Clear
1681693200,Clear
1681696800,Clouds
1681700400,Clouds
1681704000,Clouds
1681707600,Clouds
1681711200,Clouds
1681714800,Clouds
1681718400,Clouds
1681722000,Clouds
1681725600,Clouds
1681729200,Clouds
1681732800,Clouds
1681736400,Clouds
1681740000,Clouds
1681743600,Clouds
1681747200,Clouds
1681750800,Clouds
1681754400,Clouds
1681758000,Clouds
1681761600,Clouds
1681765200,Clouds
1681768800,Clouds
1681772400,Clouds
1681776000,Clouds
1681779600,Clouds
1681779600,Clouds
1681783200,Clouds
1681786800,Clouds
1681790400,Clouds
1681794000,Clouds
1681797600,Clouds
1681801200,Clouds
1681804800,Clouds
1681808400,Clouds
1681812000,Clouds
1681815600,Clouds
1681819200,Clouds
1681822800,Clouds
1681826400,Clouds
1681830000,Clouds
1681833600,Clouds
1681837200,Clouds
1681840800,Clouds
1681844400,Clouds
1681848000,Clouds
1681851600,Clouds
1681855200,Clouds
1681858800,Clouds
1681862400,Clouds
1681866000,Clouds
1681866000,Clouds
1681869600,Clouds
1681873200,Clouds
1681876800,Clouds
1681880400,Clouds
1681884000,Clouds
1681887600,Clouds
1681891200,Clouds
1681894800,Clouds
1681898400,Clouds
1681902000,Clouds
1681905600,Clouds
1681909200,Clear
1681912800,Clear
1681916400,Clear
1681920000,Clear
1681923600,Clear
1681927200,Clear
1681930800,Clouds
1681934400,Clouds
1681938000,Clouds
1681941600,Clouds
1681945200,Clouds
1681948800,Clouds
1681952400,Clouds
1681952400,Clouds
1681956000,Clouds
1681959600,Clouds
1681963200,Clouds
1681966800,Clouds
1681970400,Clouds
1681974000,Clouds
1681977600,Clouds
1681981200,Clouds
1681984800,Clouds
1681988400,Clouds
1681992000,Clouds
1681995600,Clouds
1681999200,Clouds
1682002800,Clouds
1682006400,Clouds
1682010000,Clouds
1682013600,Clouds
1682017200,Clouds
1682020800,Clouds
1682024400,Clouds
1682028000,Clouds
1682031600,Clouds
1682035200,Clouds
1682038800,Clouds
1682038800,Clouds
1682042400,Clouds
1682046000,Clouds
1682049600,Clouds
1682053200,Clouds
1682056800,Clouds
1682060400,Clouds
1682064000,Clouds
1682067600,Clouds
1682071200,Clouds
1682074800,Rain
1682078400,Rain
1682082000,Rain
1682085600,Rain
1682089200,Clouds
1682092800,Clouds
1682096400,Clouds
1682100000,Clouds
1682103600,Clouds
1682107200,Clouds
1682110800,Clouds
1682114400,Clouds
1682118000,Clouds
1682121600,Clouds
1682125200,Clear
1682125200,Clear
1682128800,Clouds
1682132400,Clouds
1682136000,Clouds
1682139600,Clouds
1682143200,Clouds
1682146800,Clouds
1682150400,Clouds
1682154000,Clouds
1682157600,Clouds
1682161200,Clouds
1682164800,Clouds
1682168400,Clear
1682172000,Clear
1682175600,Clear
1682179200,Clear
1682182800,Clear
1682186400,Clear
1682190000,Clear
1682193600,Clear
1682197200,Clear
1682200800,Clear
1682204400,Clear
1682208000,Clear
1682211600,Clouds
1682211600,Clouds
1682215200,Clouds
1682218800,Clouds
1682222400,Clouds
1682226000,Clouds
1682229600,Clouds
1682233200,Clouds
1682236800,Clouds
1682240400,Clouds
1682244000,Clouds
1682247600,Clouds
1682251200,Clouds
1682254800,Clouds
1682258400,Clouds
1682262000,Clouds
1682265600,Clouds
1682269200,Clouds
1682272800,Clouds
1682276400,Clouds
1682280000,Clouds
1682283600,Clouds
1682287200,Clouds
1682290800,Clouds
1682294400,Clouds
1682298000,Clouds
1682298000,Clouds
1682301600,Clouds
1682305200,Clouds
1682308800,Clouds
1682312400,Clouds
1682316000,Clouds
1682319600,Clouds
1682323200,Clouds
1682326800,Clouds
1682330400,Clouds
1682334000,Clouds
1682337600,Clouds
1682341200,Clouds
1682344800,Clouds
1682348400,Clouds
1682352000,Clouds
1682355600,Clouds
1682359200,Clouds
1682362800,Clouds
1682366400,Clouds
1682370000,Clouds
1682373600,Clouds
1682377200,Clouds
1682380800,Clouds
1682384400,Clouds
1682384400,Clouds
1682388000,Clouds
1682391600,Clouds
1682395200,Clouds
1682398800,Clouds
1682402400,Clouds
1682406000,Clouds
1682409600,Clouds
1682413200,Clouds
1682416800,Clouds
1682420400,Clouds
1682424000,Clouds
1682427600,Clouds
1682431200,Clouds
1682434800,Clouds
1682438400,Clouds
1682442000,Clouds
1682445600,Clouds
1682449200,Clouds
1682452800,Clouds
1682456400,Clouds
1682460000,Clouds
1682463600,Clouds
1682467200,Clouds
1682470800,Clouds
1682470800,Clouds
1682474400,Clouds
1682478000,Clouds
1682481600,Clouds
1682485200,Clouds
1682488800,Clouds
1682492400,Clouds
1682496000,Clouds
1682499600,Clouds
1682503200,Clouds
1682506800,Clouds
1682510400,Clouds
1682514000,Clouds
1682517600,Clouds
1682521200,Clouds
1682524800,Clouds
1682528400,Clouds
1682532000,Clouds
1682535600,Clouds
1682539200,Clouds
1682542800,Clouds
1682546400,Clouds
1682550000,Clouds
1682553600,Clouds
1682557200,Clouds
1682557200,Clouds
1682560800,Clouds
1682564400,Clouds
1682568000,Clouds
1682571600,Clouds
1682575200,Clouds
1682578800,Clouds
1682582400,Clouds
1682586000,Clouds
1682589600,Clouds
1682593200,Clouds
1682596800,Clouds
1682600400,Clouds
1682604000,Clouds
1682607600,Clouds
1682611200,Clouds
1682614800,Clouds
1682618400,Clouds
1682622000,Clouds
1682625600,Clouds
1682629200,Clouds
1682632800,Clouds
1682636400,Clouds
1682640000,Clouds
1682643600,Clouds
1682643600,Clouds
1682647200,Clouds
1682650800,Clouds
1682654400,Clouds
1682658000,Clouds
1682661600,Clouds
1682665200,Clouds
1682668800,Clouds
1682672400,Clouds
1682676000,Clouds
1682679600,Clouds
1682683200,Clouds
1682686800,Clouds
1682690400,Clouds
1682694000,Clouds
1682697600,Clouds
1682701200,Clouds
1682704800,Clouds
1682708400,Clouds
1682712000,Clouds
1682715600,Clouds
1682719200,Clouds
1682722800,Clouds
1682726400,Clouds
1682730000,Clouds
1682730000,Clouds
1682733600,Clouds
1682737200,Clouds
1682740800,Clouds
1682744400,Clouds
1682748000,Clouds
1682751600,Clouds
1682755200,Clouds
1682758800,Clouds
1682762400,Clouds
1682766000,Clouds
1682769600,Clouds
1682773200,Clouds
1682776800,Clouds
1682780400,Clouds
1682784000,Clouds
1682787600,Clouds
1682791200,Clouds
1682794800,Clouds
1682798400,Clouds
1682802000,Clouds
1682805600,Clouds
1682809200,Clouds
1682812800,Clouds
1682816400,Clouds
1682816400,Clouds
1682820000,Clouds
1682823600,Clouds
1682827200,Clouds
1682830800,Clouds
1682834400,Clouds
1682838000,Clouds
1682841600,Clouds
1682845200,Clouds
1682848800,Clouds
1682852400,Clouds
1682856000,Clouds
1682859600,Clouds
1682863200,Clouds
1682866800,Clouds
1682870400,Clouds
1682874000,Clouds
1682877600,Clouds
1682881200,Clear
1682884800,Clear
1682888400,Clear
1682892000,Clouds
1682895600,Clouds
1682899200,Clouds
1682902800,Clear
